date,subject,link,institut
2026-03-05,"Baromètre des personnalités Le Point / Cluster17 &#8211; Février 2026 : Le duo RN domine, Lecornu s’installe, Macron reste fragilisé",https://cluster17.com/barometre-des-personnalites-le-point-cluster17-fevrier-2026-le-duo-rn-domine-lecornu-sinstalle-macron-reste-fragilise/,CLUSTER17
2026-02-05,Sondage Cluster17 pour Le Point : Les Français et la démocratie,https://cluster17.com/sondage-cluster17-pour-le-point-les-francais-et-la-democratie/,CLUSTER17
2026-01-30,Baromètre de l&rsquo;opinion publique européenne pour Le Grand Continent (vague 5) : Trump et le nouveau clivage géopolitique en Europe,https://cluster17.com/barometre-de-lopinion-publique-europeenne-pour-le-grand-continent-vague-5-trump-et-le-nouveau-clivage-geopolitique/,CLUSTER17
2026-01-23,"Baromètre de l&rsquo;opinion publique européenne pour Le Grand Continent (vague 5) &#8211; 7 pays : Le moment Groenland, un tournant dans la perception européenne de Trump et des Etats-Unis",https://cluster17.com/barometre-de-lopinion-publique-europeenne-pour-le-grand-continent-vague-5-7-pays-le-moment-groenland-un-tournant-dans-la-perception-europeenne-de-trump-et-des-etats-unis/,CLUSTER17
2026-01-15,Sondage exclusif pour Marianne : Panorama des personnalités politiques et focus sur le Rassemblement national en vue de l&rsquo;élection présidentielle,https://cluster17.com/sondage-exclusif-pour-marianne-panorama-des-personnalites-politiques-et-focus-sur-le-rassemblement-national-en-vue-de-lelection-presidentielle/,CLUSTER17
2026-01-14,"Baromètre des personnalités Le Point / Cluster17 &#8211; Janvier 2026 : Jordan Bardella et Marine Le Pen confirment, Edouard Philippe dévisse",https://cluster17.com/barometre-des-personnalites-le-point-cluster17-janvier-2026-jordan-bardella-et-marine-le-pen-confirment-edouard-philippe-devisse/,CLUSTER17
2025-12-05,Sondage exclusif pour Marianne : Panorama des personnalités politiques et focus sur Raphaël Glucksmann en vue de l&rsquo;élection présidentielle,https://cluster17.com/sondage-exclusif-pour-marianne-panorama-des-personnalites-politiques-et-focus-sur-raphael-glucksmann-en-vue-de-lelection-presidentielle/,CLUSTER17
2025-12-04,"Baromètre de l&rsquo;opinion publique européenne pour Le Grand Continent (vague 4) &#8211; 9 pays : Entre attachement à l&rsquo;Europe et craintes géopolitiques, technologiques et sociales",https://cluster17.com/barometre-de-lopinion-publique-europeenne-pour-le-grand-continent-vague-4-9-pays-entre-attachement-a-leurope-et-craintes-geopolitiques-technologiques-et-sociales/,CLUSTER17
2025-12-03,Baromètre des personnalités Le Point / Cluster17 &#8211; Novembre 2025 : Jordan Bardella et Marine Le Pen sans concurrence,https://cluster17.com/barometre-des-personnalites-le-point-cluster17-novembre-2025-jordan-bardella-et-marine-le-pen-sans-concurrence/,CLUSTER17
2025-11-18,Sondage exclusif pour La Gazette des Communes : le regard des Français sur leurs maires et sur les élections municipales,https://cluster17.com/sondage-exclusif-pour-la-gazette-des-communes-le-regard-des-francais-sur-leurs-maires-et-sur-les-elections-municipales/,CLUSTER17
2025-10-24,Sondage exclusif pour Marianne : le regard des Français sur « l&rsquo;union des droites »,https://cluster17.com/sondage-exclusif-pour-marianne-le-regard-des-francais-sur-lunion-des-droites/,CLUSTER17
2025-10-22,"Baromètre des personnalités Le Point / Cluster17 &#8211; Octobre 2025 : Sébastien Lecornu, Premier ministre et troisième homme",https://cluster17.com/barometre-des-personnalites-le-point-cluster17-septembre-2025-sebastien-lecornu-premier-ministre-et-troisieme-homme/,CLUSTER17
2025-10-03,"Sondage élection présidentielle Cluster17 pour Le Point : Bardella loin devant, Glucksmann, Mélenchon et Philippe à égalité",https://cluster17.com/sondage-election-presidentielle-cluster17-pour-le-point-bardella-loin-devant-glucksmann-melenchon-et-philippe-a-egalite/,CLUSTER17
2025-10-03,Sondage élections municipales à Grenoble : intentions de vote et propositions programmatiques,https://cluster17.com/sondage-elections-municipales-a-grenoble-intentions-de-vote-et-propositions-programmatiques/,CLUSTER17
2025-09-25,"Sondage Cluster17 pour Le Point : Pro-taxation mais pas anti-milliardaires, les perceptions contrastées des Français à l’égard des riches, des inégalités et de la fiscalité",https://cluster17.com/sondage-cluster17-pour-le-point-pro-taxation-mais-pas-anti-milliardaires-les-perceptions-contrastees-des-francais-a-legard-des-riches-des-inegalites-et-de-la-fiscalite/,CLUSTER17
2025-09-09,"Sondage élections législatives anticipées Cluster17 pour Le Point : Le RN en tête mais en recul, le bloc central en grande difficulté",https://cluster17.com/sondage-elections-legislatives-anticipees-cluster17-pour-le-point-le-rn-en-tete-mais-en-recul-le-bloc-central-en-grande-difficulte/,CLUSTER17
2025-09-09,Sondage dans 5 pays européens avec Le Grand Continent :  Ursula von der Leyen et l&rsquo;accord commercial UE-Etats-Unis sous le feu des critiques,https://cluster17.com/sondage-dans-5-pays-europeens-avec-le-grand-continent-ursula-von-der-leyen-et-laccord-commercial-ue-etats-unis-sous-le-feu-des-critiques/,CLUSTER17
2025-09-09,Baromètre des personnalités Le Point / Cluster17 &#8211; Août 2025 : Record d&rsquo;impopularité pour l&rsquo;exécutif,https://cluster17.com/barometre-des-personnalites-le-point-cluster17-aout-2025-record-dimpopularite-pour-lexecutif/,CLUSTER17
2025-07-28,Sondage exclusif pour Génération Ecologie : 61% des Français défavorables à la Loi Duplomb,https://cluster17.com/sondage-61-des-francais-defavorables-a-la-loi-duplomb/,CLUSTER17
2025-07-17,Sondage Exclusif pour Marianne : la guerre des générations aura-t-elle lieu ?,https://cluster17.com/sondage-exclusif-pour-marianne-la-guerre-des-generations-aura-t-elle-lieu/,CLUSTER17
2025-07-17,"Baromètre des personnalités Le Point / Cluster17 &#8211; Juillet 2025 : Marine Le Pen et Jordan Bardella, le duo préféré des Français",https://cluster17.com/barometre-des-personnalites-le-point-cluster17-juillet-2025-marine-le-pen-et-jordan-bardella-le-duo-prefere-des-francais/,CLUSTER17
2025-07-08,Sondage pour L&rsquo;Opinion : Les Français sont pro-business… à leur manière,https://cluster17.com/sondage-pour-lopinion-les-francais-sont-pro-business-a-leur-maniere/,CLUSTER17
2025-06-26,Baromètre des personnalités Le Point / Cluster17 &#8211; Juin 2025 : François Bayrou en grande difficulté,https://cluster17.com/barometre-des-personnalites-le-point-cluster17-juin-2025-francois-bayrou-en-grande-difficulte/,CLUSTER17
2025-06-24,"Note pour la Fondation Jean-Jaurès : À un an des municipales, les grandes villes face à la triple polarisation identitaire, sécuritaire et écologique",https://cluster17.com/note-pour-la-fondation-jean-jaures-a-un-an-des-municipales-les-grandes-villes-face-a-la-triple-polarisation-identitaire-securitaire-et-ecologique/,CLUSTER17
2025-06-05,Baromètre des personnalités Le Point / Cluster17 &#8211; Juin 2025 : Bruno Retailleau au sommet,https://cluster17.com/barometre-des-personnalites-le-point-cluster17-juin-2025-bruno-retailleau-au-sommet/,CLUSTER17
2025-05-19,Sondage Le Point / Cluster17 : L&rsquo;élection de Bruno Retailleau à la présidence des Républicains,https://cluster17.com/sondage-le-point-cluster17-lelection-de-bruno-retailleau-a-la-presidence-des-republicains/,CLUSTER17
2025-04-23,Comment le RN est devenu le premier parti chez les seniors ? Note d&rsquo;analyse pour la Fondation Jean-Jaurès,https://cluster17.com/comment-le-rn-est-devenu-le-premier-parti-chez-les-seniors-note-danalyse-pour-la-fondation-jean-jaures/,CLUSTER17
2025-04-18,"Etude pour The Arcane et la Fondation Jean-Jaurès : L&rsquo;entreprise, une institution « refuge » dans un climat de défiance et d&rsquo;instabilité ?",https://cluster17.com/etude-pour-the-arkane-et-la-fondation-jean-jaures-lentreprise-une-institution-refuge-dans-un-climat-de-defiance-et-dinstabilite/,CLUSTER17
2025-04-09,"Baromètre des personnalités Le Point / Cluster17 &#8211; Avril 2025 : Le Pen s&rsquo;accroche, Bayrou en difficulté",https://cluster17.com/barometre-des-personnalites-le-point-cluster17-avril-2025-le-pen-saccroche-bayrou-en-difficulte/,CLUSTER17
2025-04-08,"Mesurer le sursaut européen des Français face à Trump, 10 points à partir de notre sondage exclusif Eurobazooka",https://cluster17.com/mesurer-le-sursaut-europeen-des-francais-face-a-trump-10-points-a-partir-de-notre-sondage-exclusif-eurobazooka/,CLUSTER17
2025-04-02,Sondage pour Le Point : 61% des Français considèrent que la condamnation de Marine Le Pen est justifiée,https://cluster17.com/sondage-pour-le-point-61-des-francais-considerent-que-la-condamnation-de-marine-le-pen-est-justifiee/,CLUSTER17
2025-03-24,Sondage dans 9 pays européens avec Le Grand Continent : L&rsquo;effet Trump sur l&rsquo;opinion publique européenne,https://cluster17.com/sondage-dans-9-pays-europeens-avec-le-grand-continent-leffet-trump-sur-lopinion-publique-europeenne/,CLUSTER17
2025-03-19,Baromètre des personnalités Le Point / Cluster17 &#8211; Mars 2025 : Villepin prend la tête,https://cluster17.com/barometre-des-personnalites-le-point-cluster17-mars-2025-villepin-prend-la-tete/,CLUSTER17
2025-03-12,Sondage Cluster 17 / Marianne : Image et potentiel électoral de Dominique de Villepin,https://cluster17.com/sondage-cluster-17-marianne-image-et-potentiel-electoral-de-dominique-de-villepin/,CLUSTER17
2025-03-05,Sondage Cluster 17 / Le Point : Les Français réclament plus de souveraineté dans le domaine de la défense,https://cluster17.com/sondage-cluster-17-le-point-les-francais-reclament-plus-de-souverainete-dans-le-domaine-de-la-defense/,CLUSTER17
2025-02-19,Baromètre des personnalités Le Point / Cluster17 Février 2025 : La surprise De Villepin,https://cluster17.com/barometre-des-personnalites-le-point-cluster17-fevrier-2025-la-surprise-de-villepin/,CLUSTER17
2025-02-11,Les Français et la science : un rapport marqué par des fractures et des paradoxes,https://cluster17.com/sondage-le-point-cluster-17-la-confiance-des-francais-dans-la-science/,CLUSTER17
2025-02-11,Sondage pour Le Point sur le sommet de l&rsquo;IA : 67% des Français doutent de la capacité de leur pays à devenir un leader,https://cluster17.com/sondage-cluster-17-le-point-sommet-intelligence-artificielle/,CLUSTER17
2025-02-03,Sondage en Belgique pour RTL : 39% des sondés font confiance à Bart de Wever pour occuper le poste de Premier Ministre,https://cluster17.com/sondage-en-belgique-pour-rtl-39-des-sondes-font-confiance-a-bart-de-wever-pour-occuper-le-poste-de-premier-ministre/,CLUSTER17
2025-01-22,"Sondage iBanFirst pour Le Point : Face à Trump, les Français plus protectionnistes que leurs voisins allemands et britanniques",https://cluster17.com/sondage-ibanfirst-pour-le-point-face-a-trump-les-francais-plus-protectionnistes-que-leurs-voisins-allemands-et-britanniques/,CLUSTER17
2025-01-17,"Sondage pour Le Point : Elon Musk, une personnalité très identifiée qui divise les Français",https://cluster17.com/sondage-pour-le-point-elon-musk-une-personnalite-tres-identifiee-qui-divise-les-francais/,CLUSTER17
2025-01-08,Une nouvelle clusterisation pour un niveau d’analyse toujours plus puissant,https://cluster17.com/une-nouvelle-clusterisation-pour-un-niveau-danalyse-toujours-plus-puissant/,CLUSTER17
2025-01-08,Baromètre de personnalités Le Point / Cluster17 Janvier 2025 : Des débuts compliqués pour François Bayrou,https://cluster17.com/barometre-de-personnalites-le-point-cluster17-des-debuts-compliques-pour-francois-bayrou/,CLUSTER17
2024-12-06,Baromètre des perceptions européennes pour le Grand Continent,https://cluster17.com/barometre-des-perceptions-europeennes-pour-le-grand-continent/,CLUSTER17
2024-12-05,Sondage pour Le Point : La censure de Michel Barnier divise les Français,https://cluster17.com/sondage-pour-le-point-la-censure-de-michel-barnier-divise-les-francais/,CLUSTER17
2024-11-13,Baromètre des personnalités Le Point/Cluster17 Novembre 2024 : Michel Barnier fait jeu égal avec Marine Le Pen,https://cluster17.com/barometre-des-personnalites-le-point-cluster17-novembre/,CLUSTER17
2024-11-08,Jean-Yves Dormagen nommé représentant de la World Association for Public Opinion Research en France,https://cluster17.com/jean-yves-dormagen-nomme-representant-de-la-world-association-for-public-opinion-research-en-france/,CLUSTER17
2024-10-26,Sondage pour Le Point : Une partie de l&rsquo;opinion se déchire entre pro-voitures et pro-vélos,https://cluster17.com/sondage-pour-le-point-une-partie-de-lopinion-se-dechire-entre-pro-voitures-et-pro-velos/,CLUSTER17
2024-10-10,Sondage Cluster17 pour Le Point &#038; BE MY MEDIA: Pratiques de consommation média et perception des jeunes Français sur les fausses informations,https://cluster17.com/sondage-cluster17-pour-le-point-be-my-media-pratiques-de-consommation-media-et-perception-des-jeunes-francais-sur-les-fausses-informations/,CLUSTER17
2024-10-09,Baromètre des personnalités d&rsquo;octobre 2024 : Michel Barnier et Bruno Retailleau mettent la Droite d’accord,https://cluster17.com/barometre-des-personnalites-doctobre-2024-michel-barnier-et-bruno-retailleau-mettent-la-droite-daccord/,CLUSTER17
2024-09-30,Sondage Cluster17 pour Le Point: Les Français inquiets du niveau de la dette,https://cluster17.com/sondage-cluster17-les-francais-inquiets-du-niveau-de-la-dette/,CLUSTER17
2024-09-10,Baromètre des personnalités de septembre 2024 : Gabriel Attal quitte Matignon en tête du classement,https://cluster17.com/barometre-des-personnalites-gabriel-attal-quitte-matignon-en-tete-du-classement/,CLUSTER17
2024-09-07,"Sondage Cluster17 pour Le Point: Michel Barnier, un choix salué par l’électorat de la droite et du centre",https://cluster17.com/michel-barnier-un-choix-salue-par-lelectorat-de-la-droite-et-du-centre/,CLUSTER17
2024-07-27,Bilan des élections 2024 : Cluster 17 parmi les meilleurs instituts,https://cluster17.com/cluster-17-le-tres-bon-bilan-de-cluster-17-pour-les-elections-de-2024/,CLUSTER17
2024-07-19,Sondage Cluster17 pour Le Point: Bilan et perspective post-législatives,https://cluster17.com/sondage-cluster17-pour-le-point-bilan-et-perspective-post-legislatives/,CLUSTER17
2024-07-17,"Baromètre des personnalités de juillet 2024 : Dans le brouillard de la dissolution, Gabriel Attal convainc",https://cluster17.com/barometre-des-personnalites-de-juillet-2024-dans-le-brouillard-de-la-dissolution-gabriel-attal-convainca/,CLUSTER17
2024-07-10,Qui a gagné les élections législatives ? Analyse de Stéphane Fournier pour Marianne,https://cluster17.com/qui-a-gagne-lelection-legislative-analyse-de-stephane-fournier-pour-marianne/,CLUSTER17
2024-07-05,Elections législatives anticipées Cluster17 pour Le Point: Notre ultime projection en sièges,https://cluster17.com/sondage-elections-legislatives-notre-ultime-projection-en-sieges/,CLUSTER17
2024-06-28,Sondage élections législatives anticipées Cluster17 pour Le Point: Le Rassemblement National confirme son statut de favori,https://cluster17.com/sondage-elections-legislatives-le-rassemblement-national-confirme-son-statut-de-favori/,CLUSTER17
2024-06-25,Sondage élections législatives anticipées Cluster17 pour Le Point: Le match s’installe entre le Rassemblement National et le Nouveau Front Populaire,https://cluster17.com/sondage-elections-legislatives-anticipees-cluster17-pour-le-point-le-match-sinstalle-entre-le-rassemblement-national-et-le-nouveau-front-populaire/,CLUSTER17
2024-06-21,Sondage élections législatives anticipées Cluster17 pour Le Point: Vers un match Rassemblement National / Front Populaire ?,https://cluster17.com/sondage-elections-legislatives-vers-un-match-rassemblement-national-front-populaire/,CLUSTER17
2024-06-19,Législatives 2024 : 5 thèses sur une élection pivot,https://cluster17.com/legislatives-2024-5-theses-sur-une-election-pivot/,CLUSTER17
2024-06-15,Sondage élections législatives anticipées Cluster17 pour Le Point: Renaissance loin derrière le Front Populaire et le Rassemblement National,https://cluster17.com/sondage-elections-leg-renaissance-loin-derriere-le-front-populaire-et-le-rassemblement-national/,CLUSTER17
2024-06-14,Législatives 2024: Evolution des intentions de vote par Cluster,https://cluster17.com/legislatives-2024-evolution-des-intentions-de-vote-par-cluster/,CLUSTER17
2024-06-07,Sondage élections européennes Cluster17 pour Le Point: Le Rassemblement National plus haut que jamais,https://cluster17.com/sondage-elections-europeennes-le-rassemblement-national-plus-haut-que-jamais/,CLUSTER17
2024-06-06,Baromètre des personnalités de juin 2024 : La campagne européenne booste Bellamy et Glucksmann,https://cluster17.com/barometre-des-personnalites-de-la-campagne-europeenne-booste-bellamy-et-glucksmann/,CLUSTER17
2024-06-04,Sondage Cluster17 / RTL Belgique : A quoi ressemblera le paysage politique belge après les élections de dimanche 9 juin ?,https://cluster17.com/a-quoi-ressemblera-le-paysage-politique-belge-apres-les-elections-de-dimache-9-juin/,CLUSTER17
2024-06-01,"Sondage élections européennes Cluster17 pour Le Point: Le Rassemblement National progresse, Renaissance patine",https://cluster17.com/sondage-elections-europeennes-cluster17-pour-le-point-le-rassemblement-national-progresse-renaissance-patine/,CLUSTER17
2024-05-25,"Sondage élections européennes Cluster17 pour Le Point: Renaissance stoppe sa mauvaise dynamique, le Rassemblement National recule légèrement",https://cluster17.com/sondage-elections-europeennes-renaissance-stoppe-sa-mauvaise-dynamique-le-rassemblement-national-recule-legerement-rapproche-de-la-liste-renaissance/,CLUSTER17
2024-05-24,"Sondage Cluster17 / Il Fatto Quotidiano : Malgré un léger recul, Fratelli d&rsquo;Italia toujours en tête des intentions de vote pour les prochaines élections européennes",https://cluster17.com/sondage-cluster17-il-fatto-quotidiano-fratelli-ditalia-en-tete-des-intentions-de-vote-pour-les-prochaines-elections-europeennes2/,CLUSTER17
2024-05-18,Sondage élections européennes Cluster17 pour Le Point: La liste PS / Place Publique se rapproche de la liste Renaissance,https://cluster17.com/sondage-elections-europeennes-la-liste-ps-place-publique-se-rapproche-de-la-liste-renaissance/,CLUSTER17
2024-05-16,Cluster 17 Espagne est né !,https://cluster17.com/cluster17-aterriza-en-espana/,CLUSTER17
2024-05-13,"Cluster 17, classé meilleur sondeur pour l&rsquo;élection régionale en Catalogne",https://cluster17.com/cluster-17-classe-meilleur-sondeur-pour-lelection-regionale-en-catalogne/,CLUSTER17
2024-05-11,Sondage élections européennes Cluster17 pour Le Point: Le Rassemblement National maintient son avance,https://cluster17.com/sondage-elections-europeennes-le-rassemblement-national-maintient-son-avance/,CLUSTER17
2024-05-06,Encuesta Cluster17 sobre las elecctiones autonomicas catalanas por Agenda Publica: Salvador Illa superaría los resultados que llevaron al PSC a gobernar la Generalitat mientras el independentismo dependería de AliançaCatalana,https://cluster17.com/salvador-illa-superaria-los-resultados-que-llevaron-al-psc-a-gobernar-la-generalitat-mientras-el-independentismo-dependeria-de-aliancacatalana/,CLUSTER17
2024-05-04,Sondage élections européennes Cluster17 pour Le Point: La liste de Renaissance poursuit sa dynamique négative,https://cluster17.com/sondage-elections-europeennes-cluster17-pour-le-point-la-liste-de-renaissance-poursuit-sa-dynamique-negative/,CLUSTER17
2024-05-02,Baromètre des personnalités de mai 2024 : La « dynamique Glucksmann »,https://cluster17.com/barometre-des-personnalites-dynamique-glucksmann/,CLUSTER17
2024-04-27,Sondage élections européennes Cluster17 pour Le Point: Le Rassemblement National creuse l’écart avec Renaissance,https://cluster17.com/le-rassemblement-national-creuse-lecart-avec-renaissance/,CLUSTER17
2024-04-25,Sondage Cluster 17 pour Le Point: Effet d’âge et gender gap : les jeunes femmes sont plus progressistes que la moyenne,https://cluster17.com/effet-dage-et-gender-gap-les-jeunes-femmes-sont-plus-progressistes-que-la-moyenne/,CLUSTER17
2024-04-23,Sondage Cluster 17 pour Le Point: Une majorité de Français prêts à voter pour un inconnu,https://cluster17.com/une-majorite-de-francais-prets-a-voter-pour-un-inconnu/,CLUSTER17
2024-04-18,Sondage élections européennes Cluster17 pour Le Point: Jordan Bardella et le RN maintiennent leur avance,https://cluster17.com/sondage-elections-europeennes-jordan-bardella-et-le-rn-maintiennent-leur-avance/,CLUSTER17
2024-04-04,Baromètre des personnalités d’avril 2024 : Le spleen de l’électorat centriste,https://cluster17.com/barometre-cluster17-le-point-de-avril-2024-le-spleen-de-lelectorat-centriste/,CLUSTER17
2024-03-23,Européennes 2024: Evolution des intentions de vote par Cluster,https://cluster17.com/europennes-2024-par-cluster/,CLUSTER17
2024-03-13,Sondage élections européennes Cluster17 pour Le Point: L’écart se creuse entre le RN et Renaissance,https://cluster17.com/sondage-elections-europeennes-cluster17-pour-le-point-lecart-se-creuse-entre-le-rn-et-renaissance/,CLUSTER17
2024-03-07,"Sondage Cluster17 pour Le Point: Jordan Bardella s’impose comme un des leaders de la Droite, sans être présidentiable",https://cluster17.com/cluster17-bardella/,CLUSTER17
2024-03-07,Baromètre Cluster17 / Le Point de Mars 2024 : Contre-coup pour Gabriel Attal,https://cluster17.com/barometre-cluster17-le-point-de-mars-2024-attal-contrecoup/,CLUSTER17
2024-03-04,Sondage Cluster17 / Il Fatto Quotidiano : Fratelli d&rsquo;Italia en tête des intentions de vote pour les prochaines élections européennes,https://cluster17.com/sondage-italie-mars/,CLUSTER17
2024-02-08,Baromètre Cluster17 / Le Point de Février 2024 : Gabriel Attal cède la première place à Marine Le Pen,https://cluster17.com/barometre-cluster17-le-point-de-fev-2024-marine-le-pen-sempare-de-la-premiere-place/,CLUSTER17
2024-02-01,Le regard des Français sur le modèle agricole,https://cluster17.com/le-regard-des-francais-sur-le-modele-agricole/,CLUSTER17
2024-01-18,Baromètre Cluster17 / Le Point de Janvier 2024 : Effet Matignon pour Gabriel Attal,https://cluster17.com/barometre-des-personnalites-janvier2024/,CLUSTER17
2024-01-15,Sondage Cluster17-Le Point: intentions de vote pour les élections européennes 2024 &#8211; vague du 15 janvier,https://cluster17.com/europeennes-15janvier2024/,CLUSTER17
2024-01-10,Sondage exclusif pour Le Point : 37% des Français pensent que Gabriel Attal fera un bon Premier Ministre,https://cluster17.com/gabriel-attal-1er-ministre/,CLUSTER17
2024-01-07,La Distinction 2024 pour Marianne: Ce que vos goûts disent de votre capital économique et culturel,https://cluster17.com/distinction-2024-marianne/,CLUSTER17
2024-01-04,Sondage pour Le Point : Emmanuel Macron en décalage avec l’opinion sur le cas Depardieu,https://cluster17.com/sondage-pour-le-point-macron-depardieu-decalage-opinion/,CLUSTER17
2023-12-25,La situation socio-culturelle de la consommation cinématographique française aujourd’hui,https://cluster17.com/consommation-cinematographique-francaise/,CLUSTER17
2023-12-23,Sondage pour Le Point : Les Français approuvent majoritairement le contenu de la loi immigration,https://cluster17.com/sondage-pour-le-point-les-francais-approuvent-majoritairement-le-contenu-de-la-loi-immigration/,CLUSTER17
2023-12-19,Sondage pour Le Point : le soutien timide des Français à l&rsquo;Ukraine,https://cluster17.com/sondage-pour-le-point-le-soutien-timide-des-francais-a-lukraine/,CLUSTER17
2023-12-15,Baromètre des personnalités Décembre 2023: Marine Le Pen en tête du classement ,https://cluster17.com/barometre-decembre-2023/,CLUSTER17
2023-12-07,Les Français favorables à davantage de décentralisation,https://cluster17.com/les-francais-favorables-a-davantage-de-decentralisation/,CLUSTER17
2023-12-04,Analyse pour la Revue Green et le Grand Continent sur le nouveau clivage écologique,https://cluster17.com/analyse-pour-la-revue-green-et-le-grand-continent-sur-le-nouveau-clivage-ecologique/,CLUSTER17
2023-11-30,Sondage pour Le Point : Les Français sont-ils déclinistes ?,https://cluster17.com/sondage-pour-le-point-les-francais-sont-ils-declinistes/,CLUSTER17
2023-11-15,Étude pour Le Point : La France d&rsquo;Uber Eats vs la France d&rsquo;Amazon,https://cluster17.com/etude-pour-le-point-la-france-duber-eats-vs-la-france-damazon/,CLUSTER17
2023-10-31,Sondage pour Le Point sur la crise de la NUPES et l&rsquo;avenir de la gauche,https://cluster17.com/sondage-pour-le-point-sur-la-crise-de-la-nupes-et-lavenir-de-la-gauche/,CLUSTER17
2023-10-25,"Sondage pour Le Point : 18 mois après le 1er tour de la présidentielle, Marine Le Pen en forte progression",https://cluster17.com/sondage-pour-le-point-18-mois-apres-le-1er-tour-de-la-presidentielle-marine-le-pen-en-forte-progression/,CLUSTER17
2023-10-02,Sondage pour Le Point : Les Français majoritairement pour l&rsquo;aide active à mourir,https://cluster17.com/sondage-pour-le-point-les-francais-majoritairement-pour-laide-active-a-mourir/,CLUSTER17
2023-09-20,Sondage pour Marianne sur la perception de la France insoumise dans les banlieues,https://cluster17.com/sondage-pour-marianne-sur-la-perception-de-la-france-insoumise-dans-les-banlieues/,CLUSTER17
2023-09-18,Sondage pour Le Point : Les Français touchés par la crise du logement,https://cluster17.com/sondage-pour-le-point-les-francais-touches-par-la-crise-du-logement/,CLUSTER17
2023-09-12,La cérémonie d’ouverture de la Coupe du Monde de rugby clive les Français,https://cluster17.com/la-ceremonie-douverture-de-la-coupe-du-monde-de-rugby-clive-les-francais/,CLUSTER17
2023-07-31,"L’écologie, un clivage structurant entre la gauche radicale et la droite identitaire",https://cluster17.com/lecologie-un-clivage-structurant-entre-la-gauche-radicale-et-la-droite-identitaire/,CLUSTER17
2023-07-31,Quelle Espagne politique après le vote ?,https://cluster17.com/quelle-espagne-politique-apres-le-vote/,CLUSTER17
2023-07-25,Le vote utile fera-t-il l’élection en Espagne ?,https://cluster17.com/le-vote-utile-fera-t-il-lelection-en-espagne/,CLUSTER17
2023-07-25,Vers une absence de majorité en Espagne ?,https://cluster17.com/vers-une-absence-de-majorite-en-espagne/,CLUSTER17
2023-07-25,Cluster17 sur le podium des meilleurs sondeurs en Espagne selon ElectoMania,https://cluster17.com/cluster17-sur-le-podium-des-meilleurs-sondeurs-en-espagne-selon-electomania/,CLUSTER17
2023-07-05,Sondage pour Le Point : 77% des Français trouvent les violences dans les banlieues injustifiables,https://cluster17.com/sondage-pour-le-point-77-des-francais-trouvent-les-violences-dans-les-banlieues-injustifiables/,CLUSTER17
2023-06-30,Comment se structure l&rsquo;électorat espagnol ? Cluster17 révèle les 16 clusters espagnols pour Le Grand Continent,https://cluster17.com/comment-se-structure-lelectorat-espagnol/,CLUSTER17
2023-06-29,Sondage pour Le Point : Elisabeth Borne bien placée pour rester à Matignon,https://cluster17.com/sondage-pour-le-point-elisabeth-borne-bien-placee-pour-rester-a-matignon/,CLUSTER17
2023-06-29,Sondage pour Le Point : 47% des Français ne partiront pas en vacances cet été,https://cluster17.com/sondage-pour-le-point-47-des-francais-ne-partiront-pas-en-vacances-cet-ete/,CLUSTER17
2023-06-27,Test Cluster 17 / La Vanguardia élections du 23 juillet. Découvrez les 16 familles politiques espagnoles,https://cluster17.com/test-cluster-17-la-vanguardia-elections-du-23-juillet-decouvrez-les-16-familles-politiques-espagnoles/,CLUSTER17
2023-06-21,Sondage pour Le Point : Une majorité de Français favorables à la réduction des vacances d&rsquo;été,https://cluster17.com/sondage-pour-le-point-une-majorite-de-francais-favorables-a-la-reduction-des-vacances-dete/,CLUSTER17
2023-06-13,Sondage pour Le Point : L&rsquo;Intelligence Artificielle menace-t-elle les emplois des Français ?,https://cluster17.com/sondage-pour-le-point-lintelligence-artificielle-menace-t-elle-les-emplois-des-francais/,CLUSTER17
2023-06-09,Sondage pour Le Point sur la sexualité des Français,https://cluster17.com/sondage-pour-le-point-sur-la-sexualite-des-francais/,CLUSTER17
2023-06-02,Sondage pour Le Point : Quels sont les goûts culinaires des Français ?,https://cluster17.com/sondage-pour-le-point-quels-sont-les-gouts-culinaires-des-francais/,CLUSTER17
2023-05-31,Baromètre des personnalités n°14 : Marine Le Pen distance la concurrence,https://cluster17.com/barometre-des-personnalites-n14-marine-le-pen-distance-la-concurrence/,CLUSTER17
2023-05-26,Sondage pour Le Point : Intentions de vote aux élections Européennes,https://cluster17.com/sondage-pour-le-point-intentions-de-vote-aux-elections-europeennes/,CLUSTER17
2023-05-24,Sondage pour Le Point : Les Français en attente d&rsquo;un « en même temps » en matière fiscale,https://cluster17.com/sondage-pour-le-point-les-francais-en-attente-dun-en-meme-temps-en-matiere-fiscale/,CLUSTER17
2023-05-17,Sondage pour Le Point : La mixité sociale à l&rsquo;école n&#8217;emballe pas les Français,https://cluster17.com/sondage-pour-le-point-la-mixite-sociale-a-lecole-nemballe-pas-les-francais/,CLUSTER17
2023-05-11,Sondage pour Le Point : La route est encore longue pour Laurent Wauquiez,https://cluster17.com/sondage-pour-le-point-la-route-est-encore-longue-pour-laurent-wauquiez/,CLUSTER17
2023-04-30,Baromètre de personnalités n°13 : un paysage politique en voie de recomposition ?,https://cluster17.com/barometre-de-personnalites-n13-un-paysage-politique-en-voie-de-recomposition/,CLUSTER17
2023-04-27,Sondage pour Le Point : Un Français sur deux ne croit plus en l&rsquo;efficacité du vote,https://cluster17.com/sondage-pour-le-point-un-francais-sur-deux-ne-croit-plus-en-lefficacite-du-vote/,CLUSTER17
2023-04-18,Sondage pour Le Point : Les Français méfiants vis-à-vis de l&rsquo;intelligence artificielle,https://cluster17.com/sondage-pour-le-point-les-francais-mefiants-vis-a-vis-de-lintelligence-artificielle/,CLUSTER17
2023-04-13,Cluster17 sur le podium des meilleurs instituts aux élections françaises et italiennes 2022,https://cluster17.com/cluster17-sur-le-podium-des-meilleurs-instituts-aux-elections-francaises-et-italiennes-2022/,CLUSTER17
2023-04-11,Sondage pour Le Point : 64% des Français voient Marine Le Pen gagner en 2027,https://cluster17.com/sondage-pour-le-point-64-des-francais-voient-marine-le-pen-gagner-en-2027/,CLUSTER17
2023-04-06,Etude pour la Fondation Jean Jaurès : Comment le climato-complotisme envahit l&rsquo;opinion publique ?,https://cluster17.com/etude-pour-la-fondation-jean-jaures-comment-le-climato-complotisme-envahit-lopinion-publique/,CLUSTER17
2023-04-05,Opsci et Cluster 17 s’associent pour proposer une offre inédite d’analyse de l’opinion combinant intelligence de la social data et sondages clusterisés,https://cluster17.com/opsci-et-cluster-17-sassocient-pour-proposer-une-offre-inedite-danalyse-de-lopinion-combinant-intelligence-de-la-social-data-et-sondages-clusterises/,CLUSTER17
2023-04-04,Sondage pour Le point : Qui est responsable des débordements des dernières manifestations ?,https://cluster17.com/sondage-pour-le-point-qui-est-responsable-des-debordements-des-dernieres-manifestations/,CLUSTER17
2023-04-04,Assistons-nous à la fin du macronisme ?,https://cluster17.com/assistons-nous-a-la-fin-du-macronisme/,CLUSTER17
2023-04-04,Baromètre des personnalités n°12 : Emmanuel Macron subit l&rsquo;impopularité de la réforme des retraites,https://cluster17.com/barometre-des-personnalites-n12-emmanuel-macron-subit-limpopularite-de-la-reforme-des-retraites/,CLUSTER17
2023-03-28,Sondage pour Le Point : Près de 3 Français sur 4 prêts à signer le RIP sur les retraites,https://cluster17.com/sondage-pour-le-point-pres-de-3-francais-sur-4-prets-a-signer-le-rip-sur-les-retraites/,CLUSTER17
2023-03-21,Sondage pour Le Point : 2 Français sur 3 prêts à passer à la semaine de 4 jours,https://cluster17.com/sondage-pour-le-point-2-francais-sur-3-prets-a-passer-a-la-semaine-de-4-jours/,CLUSTER17
2023-03-19,Sondage pour Le Point : 3 Français sur 4 favorables à la censure du gouvernement,https://cluster17.com/sondage-pour-le-point-3-francais-sur-4-favorables-a-la-censure-du-gouvernement/,CLUSTER17
2023-03-14,Sondage pour le Point : 59% des Français favorables à l&rsquo;interdiction des jets privés,https://cluster17.com/sondage-pour-le-point-59-des-francais-favorables-a-linterdiction-des-jets-prives/,CLUSTER17
2023-03-07,Enquête pour Le Point sur l&rsquo;image de Laurent Berger et Philippe Martinez,https://cluster17.com/enquete-pour-le-point-sur-limage-de-laurent-berger-et-philippe-martinez/,CLUSTER17
2023-03-03,"Baromètre des personnalités n°11 : Emmanuel Macron en tête, Philippe et Roussel les plus populaires",https://cluster17.com/barometre-des-personnalites-n11-emmanuel-macron-en-tete-philippe-et-roussel-les-plus-populaires/,CLUSTER17
2023-02-28,"Sondage pour Le Point : violences en milieu scolaire, les Français clivés entre prévention et sanction",https://cluster17.com/sondage-pour-le-point-violences-en-milieu-scolaire-les-francais-clives-entre-prevention-et-sanction/,CLUSTER17
2023-02-21,Qui sort gagnant de la séquence sur les retraites ?,https://cluster17.com/qui-sort-gagnant-de-la-sequence-sur-les-retraites/,CLUSTER17
2023-02-08,Sondage pour Le Point : Les Français ne souhaitent pas d&rsquo;un pays débarrassé de ses milliardaires,https://cluster17.com/sondage-pour-le-point-les-francais-ne-souhaitent-pas-dun-pays-debarrasse-de-ses-milliardaires/,CLUSTER17
2023-02-03,Baromètre des personnalités n°10 : Marine Le Pen reprend la tête du classement,https://cluster17.com/barometre-des-personnalites-n10-marine-le-pen-reprend-la-tete-du-classement/,CLUSTER17
2023-01-31,Sondage pour Le Point : Les Français ont-ils confiance dans les syndicats ?,https://cluster17.com/sondage-pour-le-point-les-francais-ont-ils-confiance-dans-les-syndicats/,CLUSTER17
2023-01-31,Retraites : les messages du gouvernement n&rsquo;impriment pas,https://cluster17.com/retraites-les-messages-du-gouvernement-nimpriment-pas/,CLUSTER17
2023-01-30,Quel est le Cluster politique de ChatGPT,https://cluster17.com/le-professeur-deconomie-pierre-henri-morand-est-parvenu-a-faire-passer-notre-test-politique-a-chatgpt-decouvrez-ici-larticle-du-point-qui-revele-le-cluster-politique-de-cette-intell/,CLUSTER17
2023-01-24,Les Français divisés sur un titre de séjour pour « métiers en tension »,https://cluster17.com/les-francais-divises-sur-un-titre-de-sejour-pour-metiers-en-tension/,CLUSTER17
2023-01-17,Les Français mobilisés mais fatalistes ?,https://cluster17.com/les-francais-mobilises-mais-fatalistes/,CLUSTER17
2023-01-10,Sondage pour le Point : Une réforme des retraites hautement inflammable,https://cluster17.com/sondage-pour-le-point-une-reforme-des-retraites-hautement-inflammable/,CLUSTER17
2023-01-09,Baromètre des personnalités n°9 : Rebond pour Emmanuel Macron,https://cluster17.com/barometre-des-personnalites-n9-rebond-pour-emmanuel-macron/,CLUSTER17
2022-12-19,"Sondage pour Le Point : Guerre en Ukraine, inflation… Vent de pessimisme sur la France",https://cluster17.com/sondage-pour-le-point-guerre-en-ukraine-inflation-vent-de-pessimisme-sur-la-france/,CLUSTER17
2022-12-11,Sondage pour Le Point : Les Français vont se serrer la ceinture pour Noël,https://cluster17.com/sondage-pour-le-point-les-francais-vont-se-serrer-la-ceinture-pour-noel/,CLUSTER17
2022-12-05,Baromètre des personnalités politiques de Novembre,https://cluster17.com/barometre-des-personnalites-politiques-de-novembre/,CLUSTER17
2022-12-03,Les Français pessimistes sur l’avenir des Républicains,https://cluster17.com/les-francais-pessimistes-sur-lavenir-des-republicains/,CLUSTER17
2022-11-28,Sondage pour Le Point : le regard des Français sur la chasse et la corrida,https://cluster17.com/sondage-pour-le-point-le-regard-des-francais-sur-la-chasse-et-la-corrida/,CLUSTER17
2022-11-23,Coupe du Monde : Trouvez votre famille footbalistique grâce au test Cluster17 en partenariat avec So Foot,https://cluster17.com/coupe-du-monde-trouvez-votre-famille-footbalistique-grace-au-test-cluster17-en-partenariat-avec-so-foot/,CLUSTER17
2022-11-19,Sondage pour Le Point : Une majorité de Français défavorables à l&rsquo;accueil des navires de migrants,https://cluster17.com/sondage-pour-le-point-une-majorite-de-francais-defavorables-a-laccueil-des-navires-de-migrants/,CLUSTER17
2022-11-18,Analyse de Benjamin Morel pour Marianne sur le sondage Cluster17 relatif au passé et à l&rsquo;avenir de la France pour Res Publica,https://cluster17.com/analyse-de-benjamin-morel-pour-marianne-sur-le-sondage-cluster17-relatif-au-passe-et-a-lavenir-de-la-france-pour-res-publica/,CLUSTER17
2022-11-17,"Enquête pour la Fondation Res Publica sur le rapport des Français à l’Histoire, à l’Armée et à l’Europe",https://cluster17.com/enquete-pour-la-fondation-res-publica-sur-le-rapport-des-francais-a-lhistoire-a-larmee-et-a-leurope/,CLUSTER17
2022-11-10,"Sondage Législatives : Aujourd&rsquo;hui, une dissolution ne changerait rien",https://cluster17.com/sondage-legislatives-aujourdhui-une-dissolution-ne-changerait-rien/,CLUSTER17
2022-11-09,Sondage d&rsquo;intentions de vote post-élection présidentielle,https://cluster17.com/sondage-dintentions-de-vote-post-election-presidentielle/,CLUSTER17
2022-11-07,Les Français jugent sévèrement l&rsquo;action de la justice,https://cluster17.com/les-francais-jugent-severement-laction-de-la-justice/,CLUSTER17
2022-11-03,Quels sont les plats préférés des Français ?,https://cluster17.com/quels-sont-les-plats-preferes-des-francais/,CLUSTER17
2022-11-02,Baromètre des personnalités politiques n°7,https://cluster17.com/barometre-des-personnalites-politiques-n7/,CLUSTER17
2022-10-30,Les Français et le 49-3,https://cluster17.com/les-francais-et-le-49-3/,CLUSTER17
2022-10-25,Les Français et le plan de sobriété,https://cluster17.com/les-francais-et-le-plan-de-sobriete/,CLUSTER17
2022-10-16,Une majorité de Français estime que Total doit céder face aux revendications salariales,https://cluster17.com/une-majorite-de-francais-estime-que-total-doit-ceder-face-aux-revendications-salariales/,CLUSTER17
2022-10-11,L&rsquo;Union des droites mobilise davantage que l&rsquo;union des gauches,https://cluster17.com/lunion-des-droites-mobilise-davantage-que-lunion-des-gauches/,CLUSTER17
2022-10-05,La Coupe du Monde au Qatar cristallise les contestations,https://cluster17.com/la-coupe-du-monde-au-qatar-cristallise-les-contestations/,CLUSTER17
2022-09-29,Baromètre des personnalités politiques n°6,https://cluster17.com/barometre-des-personnalites-politiques-n6/,CLUSTER17
2022-09-26,Come si struttura l&rsquo;elettorato italiano? 16 carte e 34 grafici per capirlo meglio,https://cluster17.com/come-si-struttura-lelettorato-italiano-16-carte-e-34-grafici-per-capirlo-meglio/,CLUSTER17
2022-09-22,Comment se structure l&rsquo;électorat italien,https://cluster17.com/comment-se-structure-lelectorat-italien/,CLUSTER17
2022-09-19,"Sport, Football, Joueurs : qu&rsquo;en pensent les Français ?",https://cluster17.com/sport-football-joueurs-quen-pensent-les-francais/,CLUSTER17
2022-09-10,Sondage Cluster17 / Il Fatto Quotidiano &#8211; Elections générales italiennes 2022,https://cluster17.com/sondage-cluster17-il-fatto-quotidiano-elections-generales-italiennes-2022/,CLUSTER17
2022-08-31,"Travail, salaire, assistanat : quels sont les clivages qui traversent l&rsquo;opinion ?",https://cluster17.com/travail-salaire-assistanat-quels-sont-les-clivages-qui-traversent-lopinion/,CLUSTER17
2022-08-28,Baromètre des personnalités politiques N°5,https://cluster17.com/barometre-des-personnalites-politiques-n5/,CLUSTER17
2022-08-24,De l’élection présidentielle aux élections législatives : pourquoi il n’y a pas de majorité politique dans le pays ?,https://cluster17.com/pourquoi-il-ny-a-pas-de-majorite-politique-dans-le-pays/,CLUSTER17
2022-08-07,Baromètre des personnalités politiques N°4,https://cluster17.com/barometre-des-personnalites-politiques-n4/,CLUSTER17
2022-08-07,Habitudes des français pendant les vacances d’été,https://cluster17.com/habitudes-des-francais-pendant-les-vacances-dete/,CLUSTER17
2022-07-22,Les français face à l&rsquo;inflation,https://cluster17.com/les-francais-face-a-linflation/,CLUSTER17
2022-06-29,Baromètre des personnalités politiques N°3,https://cluster17.com/barometre-des-personnalites-politique-n3/,CLUSTER17
2022-06-17,Evolution des intentions de vote aux Législatives 2022 par Clusters,https://cluster17.com/evolution-des-intentions-de-vote-de-la-legislatives-2022-par-cluster/,CLUSTER17
2022-06-17,Baromètre hebdomadaire S24 : Législatives 2022,https://cluster17.com/barometre-hebdomadaire-s24-legislatives-2022/,CLUSTER17
2022-06-16,Trois blocs et deux perdants,https://cluster17.com/trois-blocs-et-deux-perdants/,CLUSTER17
2022-06-10,Baromètre hebdomadaire S23 : Législatives 2022,https://cluster17.com/barometre-hebdomadaire-s23-legislatives-2022/,CLUSTER17
2022-06-06,Baromètre hebdomadaire S22 : Législatives 2022,https://cluster17.com/barometre-hebdomadaire-s22-legislatives-2022/,CLUSTER17
2022-06-03,Baromètre des personnalités politiques N°2,https://cluster17.com/barometre-des-personnalites-politique-n2/,CLUSTER17
2022-05-31,Emmanuel Macron face à la France populaire et au mur du pessimisme,https://cluster17.com/emmanuel-macron-face-a-la-france-populaire-et-au-mur-du-pessimisme/,CLUSTER17
2022-05-28,Baromètre hebdomadaire S21 : Législatives 2022,https://cluster17.com/barometre-hebdomadaire-s21-legislatives-2022/,CLUSTER17
2022-05-23,Baromètre hebdomadaire S20 : Législatives 2022,https://cluster17.com/barometre-hebdomadaire-s20-legislatives-2022/,CLUSTER17
2022-05-13,Baromètre hebdomadaire S19 : Législatives 2022,https://cluster17.com/barometre-hebdomadaire-s19-legislatives-2022/,CLUSTER17
2022-05-06,Baromètre hebdomadaire S18 : Législatives 2022,https://cluster17.com/barometre-hebdomadaire-s18-legislatives-2022/,CLUSTER17
2022-05-02,Baromètre hebdomadaire S17 : Législatives 2022,https://cluster17.com/barometre-hebdomadaire-s17-legislatives-2022/,CLUSTER17
2022-04-30,Baromètre des personnalités politiques N°1,https://cluster17.com/barometre-des-personnalites-politiques-s16/,CLUSTER17
2022-04-27,Sur quels éléments repose la victoire d&rsquo;Emmanuel Macron,https://cluster17.com/sur-quels-elements-repose-la-victoire-demmanuel-macron/,CLUSTER17
2022-04-22,Baromètre hebdomadaire S16-3 : Présidentielle 2022,https://cluster17.com/barometre-hebdomadaire-s16-3-presidentielle-2022/,CLUSTER17
2022-04-21,Baromètre hebdomadaire S16-2 : Présidentielle 2022,https://cluster17.com/barometre-hebdomadaire-s16-2-presidentielle-2022/,CLUSTER17
2022-04-20,Baromètre hebdomadaire S16-1 : Présidentielle 2022,https://cluster17.com/barometre-hebdomadaire-s16-1-presidentielle-2022/,CLUSTER17
2022-04-17,Cluster17 parmi les 3 meilleurs sondeurs du 1er tour de l&rsquo;élection présidentielle 2022,https://cluster17.com/meilleurs-sondeurs/,CLUSTER17
2022-04-16,Baromètre hebdomadaire S15 : Présidentielle 2022,https://cluster17.com/barometre-hebdomadaire-s15-presidentielle-2022/,CLUSTER17
2022-04-08,Baromètre hebdomadaire S14 &#8211; 2 : Présidentielle 2022,https://cluster17.com/barometre-hebdomadaire-s14-2-presidentielle-2022/,CLUSTER17
2022-04-06,Baromètre hebdomadaire S14 &#8211; 1 : Présidentielle 2022,https://cluster17.com/barometre-hebdomadaire-s14-1-presidentielle-2022/,CLUSTER17
2022-04-03,Baromètre hebdomadaire S13 : Présidentielle 2022,https://cluster17.com/barometre-hebdomadaire-s13-presidentielle-2022/,CLUSTER17
2022-03-29,Baromètre hebdomadaire S12 &#8211; 2 : Présidentielle 2022,https://cluster17.com/barometre-hebdomadaire-s12-2-presidentielle-2022/,CLUSTER17
2022-03-25,Baromètre hebdomadaire S12 : Présidentielle 2022,https://cluster17.com/barometre-hebdomadaire-s12-presidentielle-2022/,CLUSTER17
2022-03-22,Baromètre hebdomadaire S11 : Présidentielle 2022,https://cluster17.com/barometre-hebdomadaire-s11-presidentielle-2022/,CLUSTER17
2022-03-18,Baromètre hebdomadaire S10 : Présidentielle 2022,https://cluster17.com/barometre-hebdomadaire-s10-presidentielle-2022/,CLUSTER17
2022-03-08,Baromètre hebdomadaire S09 : Présidentielle 2022,https://cluster17.com/barometre-hebdomadaire-s09-presidentielle-2022/,CLUSTER17
2022-03-03,Baromètre hebdomadaire S08 : Présidentielle 2022,https://cluster17.com/barometre-hebdomadaire-s08-presidentielle-2022/,CLUSTER17
2022-03-02,Paroles de France(s) : le nouveau podcast politique de Cluster17 !,https://cluster17.com/paroles-de-frances-le-nouveau-podcast-politique-de-cluster17/,CLUSTER17
2022-03-01,Enquête : Les français et la guerre en Ukraine,https://cluster17.com/enquete-cluster-17-les-francais-et-la-guerre-en-ukraine/,CLUSTER17
2022-02-26,Probabilités d&rsquo;accès au 2nd tour (S7),https://cluster17.com/probabilites-dacces-au-2nd-tour-s7/,CLUSTER17
2022-02-25,Baromètre hebdomadaire S07 : Présidentielle 2022,https://cluster17.com/barometre-hebdomadaire-s07-presidentielle-2022/,CLUSTER17
2022-02-19,Emmanuel Macron : président réformateur et protecteur ?,https://cluster17.com/emmanuel-macron-president-reformateur-et-protecteur/,CLUSTER17
2022-02-15,Baromètre hebdomadaire S06 : Présidentielle 2022,https://cluster17.com/barometre-hebdomadaire-s06-presidentielle-2022/,CLUSTER17
2022-02-14,Sur la politique sanitaire : une France coupée en deux,https://cluster17.com/sur-la-politique-sanitaire-une-france-coupee-en-deux/,CLUSTER17
2022-02-11,« Cluster17 doit être jugé sur ses résultats » &#8211; Le Point,https://cluster17.com/cluster17-doit-etre-juge-sur-ses-resultats-le-point/,CLUSTER17
2022-02-08,Baromètre hebdomadaire S05 : Présidentielle 2022,https://cluster17.com/barometre-hebdomadaire-s05-presidentielle-2022/,CLUSTER17
2022-02-06,J-Y Dormagen : « Le clivage gauche-droite n&rsquo;est plus pertinent »,https://cluster17.com/le-clivage-gauche-droite/,CLUSTER17
2022-02-01,Baromètre hebdomadaire S04 : Présidentielle 2022,https://cluster17.com/barometre-hebdomadaire-s04-presidentielle-2022/,CLUSTER17
2022-01-25,Baromètre hebdomadaire S03 : Présidentielle 2022,https://cluster17.com/barometre-hebdomadaire-s03-presidentielle-2022/,CLUSTER17
2022-01-18,Baromètre hebdomadaire S02 : Présidentielle 2022,https://cluster17.com/barometre-hebdomadaire-s02-presidentielle-2022/,CLUSTER17
2022-01-13,Pourquoi Emmanuel Macron cherche-t-il à cliver sur la vaccination ?,https://cluster17.com/pourquoi-emmanuel-macron-cherche-t-il-a-cliver-sur-la-vaccination/,CLUSTER17
2022-01-11,Baromètre hebdomadaire S01 : Présidentielle 2022,https://cluster17.com/barometre-hebdomadaire-s01-presidentielle-2022/,CLUSTER17
2022-01-07,Les personnalités françaises appréciées des clusters,https://cluster17.com/les-personnalites-francaises-appreciees-des-clusters/,CLUSTER17
2022-01-04,Baromètre hebdomadaire S52 : Présidentielle 2022,https://cluster17.com/barometre-hebdomadaire-s52-presidentielle-2022/,CLUSTER17
2021-12-30,Présidentielle 2022: Evolution des intentions de vote par Cluster,https://cluster17.com/evolution-des-intentions-de-vote-de-la-presidentielle-2022-par-cluster/,CLUSTER17
2021-12-29,Présidentielle 2022: Evolution des intentions de vote,https://cluster17.com/evolution-des-intentions-de-vote-de-la-presidentielle-2022/,CLUSTER17
2021-12-23,Les électeurs de gauche largement favorables à l’idée d’une primaire,https://cluster17.com/les-electeurs-de-gauche-largement-favorables-a-lidee-dune-primaire/,CLUSTER17
2021-12-23,Baromètre hebdomadaire S51 : Présidentielle 2022,https://cluster17.com/barometre-hebdomadaire-s51-presidentielle-2022/,CLUSTER17
2021-12-21,Les Echos &#8211; Opinion | Pour une approche des sondages par « clusters »,https://cluster17.com/les-echos-clusters/,CLUSTER17
2021-12-18,Intentions de vote par Cluster : présidentielle 2022,https://cluster17.com/intentions-de-votes-des-clusters-presidentielle-2022/,CLUSTER17
2021-12-17,Baromètre hebdomadaire S50 : Présidentielle 2022,https://cluster17.com/barometre-hebdomadaire-s50-presidentielle-2022/,CLUSTER17
2021-12-10,Baromètre hebdomadaire S49 : Présidentielle 2022,https://cluster17.com/sondages-barometre-hebdomadaire-s49-election-presidentielle-2022/,CLUSTER17
2021-11-15,Comment les clusters ont-ils voté lors de l&rsquo;élection présidentielle 2017 ?,https://cluster17.com/vote-presidentielle-2017/,CLUSTER17
2021-11-14,La droite prise en tenaille entre Macron et Zemmour/Le Pen,https://cluster17.com/primaire-de-la-droite-et-du-centre/,CLUSTER17
2021-11-06,Lancement de Cluster17 : laboratoire d&rsquo;études de l&rsquo;opinion,https://cluster17.com/cluster17-institut-opinion-sondage/,CLUSTER17
2021-11-06,Qu&rsquo;est ce qu&rsquo;un cluster politique ?,https://cluster17.com/cluster-politique/,CLUSTER17
